{
  "project_info": {
    "project_number": "864763319094",
    "firebase_url": "https://fitraxfinaldemo.firebaseio.com",
    "project_id": "fitraxfinaldemo",
    "storage_bucket": "fitraxfinaldemo.appspot.com"
  },
  "client": [
    {
      "client_info": {
        "mobilesdk_app_id": "1:864763319094:android:958e2ecb1ee0daea",
        "android_client_info": {
          "package_name": "com.nickenkoen.fitraxfinaldemo"
        }
      },
      "oauth_client": [
        {
          "client_id": "864763319094-9euq8ihde37t6d07vo8gl65jikreincg.apps.googleusercontent.com",
          "client_type": 3
        }
      ],
      "api_key": [
        {
          "current_key": "AIzaSyBRZNqkuRKAT0Ja0NYJRLtemkBfA4NaBKA"
        }
      ],
      "services": {
        "analytics_service": {
          "status": 1
        },
        "appinvite_service": {
          "status": 1,
          "other_platform_oauth_client": []
        },
        "ads_service": {
          "status": 2
        }
      }
    }
  ],
  "configuration_version": "1"
}